run_label,target,params_json,params_short,roc_auc,average_precision,prediction_path,status,error_message,n_estimators,softmax_temperature,average_before_softmax,balance_probabilities,fit_seconds,predict_seconds,total_seconds,cache_load_seconds,runtime_status,runtime_time_source,api_run_timestamp,runtime_complete_for_comparison
grid_001,top10,"{""average_before_softmax"": true, ""balance_probabilities"": true, ""n_estimators"": 4, ""softmax_temperature"": 0.6}",average_before_softmax-True__balance_probabilities-True__n_estimators-4__softmax_temperature-0.6,0.7831280194000072,0.27404284799510403,/Users/roberthendrich/GADA-Group3-Cycling-Stage-Prediction/data/processed/tabpfn/02_tuning_top10/predictions/grid_001.csv,cache_hit,,4,0.6,True,True,1.509,24.145,25.687,0.016,cache_hit,current_api_run,2026-06-30T20:05:36.557595+00:00,True
grid_002,top10,"{""average_before_softmax"": true, ""balance_probabilities"": false, ""n_estimators"": 4, ""softmax_temperature"": 0.6}",average_before_softmax-True__balance_probabilities-False__n_estimators-4__softmax_temperature-0.6,0.7831280194000072,0.27404284799510403,/Users/roberthendrich/GADA-Group3-Cycling-Stage-Prediction/data/processed/tabpfn/02_tuning_top10/predictions/grid_002.csv,cache_hit,,4,0.6,True,False,0.425,23.259,23.722,0.01,cache_hit,current_api_run,2026-06-30T20:06:02.252089+00:00,True
grid_003,top10,"{""average_before_softmax"": false, ""balance_probabilities"": true, ""n_estimators"": 4, ""softmax_temperature"": 0.6}",average_before_softmax-False__balance_probabilities-True__n_estimators-4__softmax_temperature-0.6,0.7826249001873002,0.2727380475922602,/Users/roberthendrich/GADA-Group3-Cycling-Stage-Prediction/data/processed/tabpfn/02_tuning_top10/predictions/grid_003.csv,cache_hit,,4,0.6,False,True,0.429,23.486,23.948,0.012,cache_hit,current_api_run,2026-06-30T20:06:25.977663+00:00,True
grid_004,top10,"{""average_before_softmax"": false, ""balance_probabilities"": false, ""n_estimators"": 4, ""softmax_temperature"": 0.6}",average_before_softmax-False__balance_probabilities-False__n_estimators-4__softmax_temperature-0.6,0.7826249001873002,0.2727380475922602,/Users/roberthendrich/GADA-Group3-Cycling-Stage-Prediction/data/processed/tabpfn/02_tuning_top10/predictions/grid_004.csv,cache_hit,,4,0.6,False,False,0.429,23.064,23.527,0.011,cache_hit,current_api_run,2026-06-30T20:06:49.929875+00:00,True
grid_005,top10,"{""average_before_softmax"": true, ""balance_probabilities"": true, ""n_estimators"": 4, ""softmax_temperature"": 0.8}",average_before_softmax-True__balance_probabilities-True__n_estimators-4__softmax_temperature-0.8,0.7831280194000072,0.27404284799510403,/Users/roberthendrich/GADA-Group3-Cycling-Stage-Prediction/data/processed/tabpfn/02_tuning_top10/predictions/grid_005.csv,cache_hit,,4,0.8,True,True,0.423,23.092,23.553,0.01,cache_hit,current_api_run,2026-06-30T20:07:13.460860+00:00,True
grid_006,top10,"{""average_before_softmax"": true, ""balance_probabilities"": false, ""n_estimators"": 4, ""softmax_temperature"": 0.8}",average_before_softmax-True__balance_probabilities-False__n_estimators-4__softmax_temperature-0.8,0.7831280194000072,0.27404284799510403,/Users/roberthendrich/GADA-Group3-Cycling-Stage-Prediction/data/processed/tabpfn/02_tuning_top10/predictions/grid_006.csv,cache_hit,,4,0.8,True,False,0.426,23.52,23.978,0.012,cache_hit,current_api_run,2026-06-30T20:07:37.018925+00:00,True
grid_007,top10,"{""average_before_softmax"": false, ""balance_probabilities"": true, ""n_estimators"": 4, ""softmax_temperature"": 0.8}",average_before_softmax-False__balance_probabilities-True__n_estimators-4__softmax_temperature-0.8,0.7828115683709093,0.27352456476263154,/Users/roberthendrich/GADA-Group3-Cycling-Stage-Prediction/data/processed/tabpfn/02_tuning_top10/predictions/grid_007.csv,cache_hit,,4,0.8,False,True,0.426,23.282,23.745,0.011,cache_hit,current_api_run,2026-06-30T20:08:01.002706+00:00,True
grid_008,top10,"{""average_before_softmax"": false, ""balance_probabilities"": false, ""n_estimators"": 4, ""softmax_temperature"": 0.8}",average_before_softmax-False__balance_probabilities-False__n_estimators-4__softmax_temperature-0.8,0.7828115683709091,0.2735245647626316,/Users/roberthendrich/GADA-Group3-Cycling-Stage-Prediction/data/processed/tabpfn/02_tuning_top10/predictions/grid_008.csv,cache_hit,,4,0.8,False,False,0.428,23.704,24.165,0.011,cache_hit,current_api_run,2026-06-30T20:08:24.751533+00:00,True
grid_009,top10,"{""average_before_softmax"": true, ""balance_probabilities"": true, ""n_estimators"": 4, ""softmax_temperature"": 1.0}",average_before_softmax-True__balance_probabilities-True__n_estimators-4__softmax_temperature-1.0,0.7831280194000072,0.27404284799510403,/Users/roberthendrich/GADA-Group3-Cycling-Stage-Prediction/data/processed/tabpfn/02_tuning_top10/predictions/grid_009.csv,cache_hit,,4,1.0,True,True,0.428,23.694,24.163,0.01,cache_hit,current_api_run,2026-06-30T20:08:48.920975+00:00,True
grid_010,top10,"{""average_before_softmax"": true, ""balance_probabilities"": false, ""n_estimators"": 4, ""softmax_temperature"": 1.0}",average_before_softmax-True__balance_probabilities-False__n_estimators-4__softmax_temperature-1.0,0.7831280194000072,0.27404284799510403,/Users/roberthendrich/GADA-Group3-Cycling-Stage-Prediction/data/processed/tabpfn/02_tuning_top10/predictions/grid_010.csv,cache_hit,,4,1.0,True,False,0.627,23.49,24.149,0.011,cache_hit,current_api_run,2026-06-30T20:09:13.088926+00:00,True
grid_011,top10,"{""average_before_softmax"": false, ""balance_probabilities"": true, ""n_estimators"": 4, ""softmax_temperature"": 1.0}",average_before_softmax-False__balance_probabilities-True__n_estimators-4__softmax_temperature-1.0,0.7829453542587103,0.27379498247646894,/Users/roberthendrich/GADA-Group3-Cycling-Stage-Prediction/data/processed/tabpfn/02_tuning_top10/predictions/grid_011.csv,cache_hit,,4,1.0,False,True,0.428,24.159,24.621,0.011,cache_hit,current_api_run,2026-06-30T20:09:37.243023+00:00,True
grid_012,top10,"{""average_before_softmax"": false, ""balance_probabilities"": false, ""n_estimators"": 4, ""softmax_temperature"": 1.0}",average_before_softmax-False__balance_probabilities-False__n_estimators-4__softmax_temperature-1.0,0.7829453542587103,0.27379498247646894,/Users/roberthendrich/GADA-Group3-Cycling-Stage-Prediction/data/processed/tabpfn/02_tuning_top10/predictions/grid_012.csv,cache_hit,,4,1.0,False,False,0.426,23.485,23.943,0.01,cache_hit,current_api_run,2026-06-30T20:10:01.867886+00:00,True
grid_013,top10,"{""average_before_softmax"": true, ""balance_probabilities"": true, ""n_estimators"": 4, ""softmax_temperature"": 1.2}",average_before_softmax-True__balance_probabilities-True__n_estimators-4__softmax_temperature-1.2,0.7831280194000072,0.27404284799510403,/Users/roberthendrich/GADA-Group3-Cycling-Stage-Prediction/data/processed/tabpfn/02_tuning_top10/predictions/grid_013.csv,cache_hit,,4,1.2,True,True,0.631,22.903,23.567,0.01,cache_hit,current_api_run,2026-06-30T20:10:25.815942+00:00,True
grid_014,top10,"{""average_before_softmax"": true, ""balance_probabilities"": false, ""n_estimators"": 4, ""softmax_temperature"": 1.2}",average_before_softmax-True__balance_probabilities-False__n_estimators-4__softmax_temperature-1.2,0.7831280194000072,0.27404284799510403,/Users/roberthendrich/GADA-Group3-Cycling-Stage-Prediction/data/processed/tabpfn/02_tuning_top10/predictions/grid_014.csv,cache_hit,,4,1.2,True,False,0.426,23.317,23.78,0.01,cache_hit,current_api_run,2026-06-30T20:10:49.387060+00:00,True
grid_015,top10,"{""average_before_softmax"": false, ""balance_probabilities"": true, ""n_estimators"": 4, ""softmax_temperature"": 1.2}",average_before_softmax-False__balance_probabilities-True__n_estimators-4__softmax_temperature-1.2,0.7829944441986435,0.27380297867399206,/Users/roberthendrich/GADA-Group3-Cycling-Stage-Prediction/data/processed/tabpfn/02_tuning_top10/predictions/grid_015.csv,cache_hit,,4,1.2,False,True,0.429,23.505,23.969,0.009,cache_hit,current_api_run,2026-06-30T20:11:13.172982+00:00,True
grid_016,top10,"{""average_before_softmax"": false, ""balance_probabilities"": false, ""n_estimators"": 4, ""softmax_temperature"": 1.2}",average_before_softmax-False__balance_probabilities-False__n_estimators-4__softmax_temperature-1.2,0.7829944441986436,0.27380297867399206,/Users/roberthendrich/GADA-Group3-Cycling-Stage-Prediction/data/processed/tabpfn/02_tuning_top10/predictions/grid_016.csv,cache_hit,,4,1.2,False,False,0.429,23.681,24.143,0.01,cache_hit,current_api_run,2026-06-30T20:11:37.146431+00:00,True
grid_017,top10,"{""average_before_softmax"": true, ""balance_probabilities"": true, ""n_estimators"": 4, ""softmax_temperature"": 1.4}",average_before_softmax-True__balance_probabilities-True__n_estimators-4__softmax_temperature-1.4,0.7831280194000072,0.27404284799510403,/Users/roberthendrich/GADA-Group3-Cycling-Stage-Prediction/data/processed/tabpfn/02_tuning_top10/predictions/grid_017.csv,cache_hit,,4,1.4,True,True,0.425,23.104,23.568,0.01,cache_hit,current_api_run,2026-06-30T20:12:01.294069+00:00,True
grid_018,top10,"{""average_before_softmax"": true, ""balance_probabilities"": false, ""n_estimators"": 4, ""softmax_temperature"": 1.4}",average_before_softmax-True__balance_probabilities-False__n_estimators-4__softmax_temperature-1.4,0.7831280194000072,0.27404284799510403,/Users/roberthendrich/GADA-Group3-Cycling-Stage-Prediction/data/processed/tabpfn/02_tuning_top10/predictions/grid_018.csv,cache_hit,,4,1.4,True,False,0.427,23.698,24.167,0.01,cache_hit,current_api_run,2026-06-30T20:12:24.866090+00:00,True
grid_019,top10,"{""average_before_softmax"": false, ""balance_probabilities"": true, ""n_estimators"": 4, ""softmax_temperature"": 1.4}",average_before_softmax-False__balance_probabilities-True__n_estimators-4__softmax_temperature-1.4,0.7830393204098272,0.27392728068509886,/Users/roberthendrich/GADA-Group3-Cycling-Stage-Prediction/data/processed/tabpfn/02_tuning_top10/predictions/grid_019.csv,cache_hit,,4,1.4,False,True,0.436,22.85,23.323,0.012,cache_hit,current_api_run,2026-06-30T20:12:49.042248+00:00,True
grid_020,top10,"{""average_before_softmax"": false, ""balance_probabilities"": false, ""n_estimators"": 4, ""softmax_temperature"": 1.4}",average_before_softmax-False__balance_probabilities-False__n_estimators-4__softmax_temperature-1.4,0.7830393204098272,0.27392728068509886,/Users/roberthendrich/GADA-Group3-Cycling-Stage-Prediction/data/processed/tabpfn/02_tuning_top10/predictions/grid_020.csv,cache_hit,,4,1.4,False,False,0.427,23.059,23.52,0.01,cache_hit,current_api_run,2026-06-30T20:13:12.367532+00:00,True
grid_021,top10,"{""average_before_softmax"": true, ""balance_probabilities"": true, ""n_estimators"": 8, ""softmax_temperature"": 0.6}",average_before_softmax-True__balance_probabilities-True__n_estimators-8__softmax_temperature-0.6,0.7819409066680151,0.27816100252670534,/Users/roberthendrich/GADA-Group3-Cycling-Stage-Prediction/data/processed/tabpfn/02_tuning_top10/predictions/grid_021.csv,cache_hit,,8,0.6,True,True,0.429,45.908,46.374,0.01,cache_hit,current_api_run,2026-06-30T20:13:35.893034+00:00,True
grid_022,top10,"{""average_before_softmax"": true, ""balance_probabilities"": false, ""n_estimators"": 8, ""softmax_temperature"": 0.6}",average_before_softmax-True__balance_probabilities-False__n_estimators-8__softmax_temperature-0.6,0.7819409066680151,0.27816100252670534,/Users/roberthendrich/GADA-Group3-Cycling-Stage-Prediction/data/processed/tabpfn/02_tuning_top10/predictions/grid_022.csv,cache_hit,,8,0.6,True,False,0.428,44.939,45.402,0.011,cache_hit,current_api_run,2026-06-30T20:14:22.273828+00:00,True
grid_023,top10,"{""average_before_softmax"": false, ""balance_probabilities"": true, ""n_estimators"": 8, ""softmax_temperature"": 0.6}",average_before_softmax-False__balance_probabilities-True__n_estimators-8__softmax_temperature-0.6,0.7823221437766386,0.2770087054346007,/Users/roberthendrich/GADA-Group3-Cycling-Stage-Prediction/data/processed/tabpfn/02_tuning_top10/predictions/grid_023.csv,cache_hit,,8,0.6,False,True,0.429,46.354,46.822,0.011,cache_hit,current_api_run,2026-06-30T20:15:07.679772+00:00,True
grid_024,top10,"{""average_before_softmax"": false, ""balance_probabilities"": false, ""n_estimators"": 8, ""softmax_temperature"": 0.6}",average_before_softmax-False__balance_probabilities-False__n_estimators-8__softmax_temperature-0.6,0.7823221437766386,0.2770087054346007,/Users/roberthendrich/GADA-Group3-Cycling-Stage-Prediction/data/processed/tabpfn/02_tuning_top10/predictions/grid_024.csv,cache_hit,,8,0.6,False,False,0.428,45.11,45.579,0.011,cache_hit,current_api_run,2026-06-30T20:15:54.507216+00:00,True
grid_025,top10,"{""average_before_softmax"": true, ""balance_probabilities"": true, ""n_estimators"": 8, ""softmax_temperature"": 0.8}",average_before_softmax-True__balance_probabilities-True__n_estimators-8__softmax_temperature-0.8,0.7819411173544526,0.27816108766891245,/Users/roberthendrich/GADA-Group3-Cycling-Stage-Prediction/data/processed/tabpfn/02_tuning_top10/predictions/grid_025.csv,cache_hit,,8,0.8,True,True,0.428,45.11,45.576,0.011,cache_hit,current_api_run,2026-06-30T20:16:40.090894+00:00,True
grid_026,top10,"{""average_before_softmax"": true, ""balance_probabilities"": false, ""n_estimators"": 8, ""softmax_temperature"": 0.8}",average_before_softmax-True__balance_probabilities-False__n_estimators-8__softmax_temperature-0.8,0.7819411173544526,0.27816108766891245,/Users/roberthendrich/GADA-Group3-Cycling-Stage-Prediction/data/processed/tabpfn/02_tuning_top10/predictions/grid_026.csv,cache_hit,,8,0.8,True,False,0.445,45.504,45.987,0.011,cache_hit,current_api_run,2026-06-30T20:17:25.672794+00:00,True
grid_027,top10,"{""average_before_softmax"": false, ""balance_probabilities"": true, ""n_estimators"": 8, ""softmax_temperature"": 0.8}",average_before_softmax-False__balance_probabilities-True__n_estimators-8__softmax_temperature-0.8,0.7822608340233315,0.27754872668612746,/Users/roberthendrich/GADA-Group3-Cycling-Stage-Prediction/data/processed/tabpfn/02_tuning_top10/predictions/grid_027.csv,cache_hit,,8,0.8,False,True,0.428,45.756,46.227,0.012,cache_hit,current_api_run,2026-06-30T20:18:11.663609+00:00,True
grid_028,top10,"{""average_before_softmax"": false, ""balance_probabilities"": false, ""n_estimators"": 8, ""softmax_temperature"": 0.8}",average_before_softmax-False__balance_probabilities-False__n_estimators-8__softmax_temperature-0.8,0.7822607286801126,0.27754872668612746,/Users/roberthendrich/GADA-Group3-Cycling-Stage-Prediction/data/processed/tabpfn/02_tuning_top10/predictions/grid_028.csv,cache_hit,,8,0.8,False,False,0.63,45.789,46.456,0.009,cache_hit,current_api_run,2026-06-30T20:18:57.896353+00:00,True
grid_029,top10,"{""average_before_softmax"": true, ""balance_probabilities"": true, ""n_estimators"": 8, ""softmax_temperature"": 1.0}",average_before_softmax-True__balance_probabilities-True__n_estimators-8__softmax_temperature-1.0,0.7819411173544526,0.27816108766891245,/Users/roberthendrich/GADA-Group3-Cycling-Stage-Prediction/data/processed/tabpfn/02_tuning_top10/predictions/grid_029.csv,cache_hit,,8,1.0,True,True,0.426,45.183,45.647,0.011,cache_hit,current_api_run,2026-06-30T20:19:44.356055+00:00,True
grid_030,top10,"{""average_before_softmax"": true, ""balance_probabilities"": false, ""n_estimators"": 8, ""softmax_temperature"": 1.0}",average_before_softmax-True__balance_probabilities-False__n_estimators-8__softmax_temperature-1.0,0.7819411173544526,0.27816108766891245,/Users/roberthendrich/GADA-Group3-Cycling-Stage-Prediction/data/processed/tabpfn/02_tuning_top10/predictions/grid_030.csv,cache_hit,,8,1.0,True,False,0.429,44.776,45.239,0.01,cache_hit,current_api_run,2026-06-30T20:20:30.006886+00:00,True
grid_031,top10,"{""average_before_softmax"": false, ""balance_probabilities"": true, ""n_estimators"": 8, ""softmax_temperature"": 1.0}",average_before_softmax-False__balance_probabilities-True__n_estimators-8__softmax_temperature-1.0,0.7822189074222724,0.2777894917297775,/Users/roberthendrich/GADA-Group3-Cycling-Stage-Prediction/data/processed/tabpfn/02_tuning_top10/predictions/grid_031.csv,cache_hit,,8,1.0,False,True,0.424,44.996,45.457,0.011,cache_hit,current_api_run,2026-06-30T20:21:15.250356+00:00,True
grid_032,top10,"{""average_before_softmax"": false, ""balance_probabilities"": false, ""n_estimators"": 8, ""softmax_temperature"": 1.0}",average_before_softmax-False__balance_probabilities-False__n_estimators-8__softmax_temperature-1.0,0.7822189074222724,0.2777894917297775,/Users/roberthendrich/GADA-Group3-Cycling-Stage-Prediction/data/processed/tabpfn/02_tuning_top10/predictions/grid_032.csv,cache_hit,,8,1.0,False,False,0.429,46.178,46.644,0.01,cache_hit,current_api_run,2026-06-30T20:22:00.711367+00:00,True
grid_033,top10,"{""average_before_softmax"": true, ""balance_probabilities"": true, ""n_estimators"": 8, ""softmax_temperature"": 1.2}",average_before_softmax-True__balance_probabilities-True__n_estimators-8__softmax_temperature-1.2,0.7819410120112338,0.27816100252670534,/Users/roberthendrich/GADA-Group3-Cycling-Stage-Prediction/data/processed/tabpfn/02_tuning_top10/predictions/grid_033.csv,cache_hit,,8,1.2,True,True,0.426,44.976,45.441,0.01,cache_hit,current_api_run,2026-06-30T20:22:47.356146+00:00,True
grid_034,top10,"{""average_before_softmax"": true, ""balance_probabilities"": false, ""n_estimators"": 8, ""softmax_temperature"": 1.2}",average_before_softmax-True__balance_probabilities-False__n_estimators-8__softmax_temperature-1.2,0.7819410120112338,0.27816100252670534,/Users/roberthendrich/GADA-Group3-Cycling-Stage-Prediction/data/processed/tabpfn/02_tuning_top10/predictions/grid_034.csv,cache_hit,,8,1.2,True,False,0.426,45.109,45.569,0.01,cache_hit,current_api_run,2026-06-30T20:23:32.796620+00:00,True
grid_035,top10,"{""average_before_softmax"": false, ""balance_probabilities"": true, ""n_estimators"": 8, ""softmax_temperature"": 1.2}",average_before_softmax-False__balance_probabilities-True__n_estimators-8__softmax_temperature-1.2,0.7821900433803375,0.2779530950434565,/Users/roberthendrich/GADA-Group3-Cycling-Stage-Prediction/data/processed/tabpfn/02_tuning_top10/predictions/grid_035.csv,cache_hit,,8,1.2,False,True,0.641,45.922,46.597,0.01,cache_hit,current_api_run,2026-06-30T20:24:18.371106+00:00,True
grid_036,top10,"{""average_before_softmax"": false, ""balance_probabilities"": false, ""n_estimators"": 8, ""softmax_temperature"": 1.2}",average_before_softmax-False__balance_probabilities-False__n_estimators-8__softmax_temperature-1.2,0.7821900433803375,0.27795309504345656,/Users/roberthendrich/GADA-Group3-Cycling-Stage-Prediction/data/processed/tabpfn/02_tuning_top10/predictions/grid_036.csv,cache_hit,,8,1.2,False,False,0.427,46.375,46.84,0.011,cache_hit,current_api_run,2026-06-30T20:25:04.971985+00:00,True
grid_037,top10,"{""average_before_softmax"": true, ""balance_probabilities"": true, ""n_estimators"": 8, ""softmax_temperature"": 1.4}",average_before_softmax-True__balance_probabilities-True__n_estimators-8__softmax_temperature-1.4,0.7819411173544525,0.27816108766891245,/Users/roberthendrich/GADA-Group3-Cycling-Stage-Prediction/data/processed/tabpfn/02_tuning_top10/predictions/grid_037.csv,cache_hit,,8,1.4,True,True,0.423,46.345,46.799,0.01,cache_hit,current_api_run,2026-06-30T20:25:51.817275+00:00,True
grid_038,top10,"{""average_before_softmax"": true, ""balance_probabilities"": false, ""n_estimators"": 8, ""softmax_temperature"": 1.4}",average_before_softmax-True__balance_probabilities-False__n_estimators-8__softmax_temperature-1.4,0.7819410120112338,0.27816108766891245,/Users/roberthendrich/GADA-Group3-Cycling-Stage-Prediction/data/processed/tabpfn/02_tuning_top10/predictions/grid_038.csv,cache_hit,,8,1.4,True,False,0.426,45.345,45.809,0.01,cache_hit,current_api_run,2026-06-30T20:26:38.621309+00:00,True
grid_039,top10,"{""average_before_softmax"": false, ""balance_probabilities"": true, ""n_estimators"": 8, ""softmax_temperature"": 1.4}",average_before_softmax-False__balance_probabilities-True__n_estimators-8__softmax_temperature-1.4,0.7821654984103709,0.2781719980041092,/Users/roberthendrich/GADA-Group3-Cycling-Stage-Prediction/data/processed/tabpfn/02_tuning_top10/predictions/grid_039.csv,cache_hit,,8,1.4,False,True,0.429,45.519,45.981,0.01,cache_hit,current_api_run,2026-06-30T20:27:24.435157+00:00,True
grid_040,top10,"{""average_before_softmax"": false, ""balance_probabilities"": false, ""n_estimators"": 8, ""softmax_temperature"": 1.4}",average_before_softmax-False__balance_probabilities-False__n_estimators-8__softmax_temperature-1.4,0.7821654984103708,0.2781719980041092,/Users/roberthendrich/GADA-Group3-Cycling-Stage-Prediction/data/processed/tabpfn/02_tuning_top10/predictions/grid_040.csv,cache_hit,,8,1.4,False,False,0.423,46.967,47.426,0.011,cache_hit,current_api_run,2026-06-30T20:28:10.421065+00:00,True
